Title,Subject code,Author,Grade,Type,Edition,Price
O Leve Yearly Unsolved English Language Paper 2 Writing (S15-W19),1123,,O Level,Yearly Unsolved,S15-W19,1500
O Level Add Math Notes by Rafique Akhtar,4037,Rafique Akhtar,O Level,Notes,2019-2020,1350
O Level Biology Notes by Abid Aziz,5090,Abid Aziz,O Level,Notes,2024-2025,1500
O Level Biology Notes by Dr. Sadia Khalid,5090,Dr. Sadia Khalid,O Level,Notes,2023-2025,1550
O Level Biology Notes by Hamza Fayyaz,,Hamza Fayyaz,O Level,Notes,2021 Edition,1350
O Level Business Studies Notes by Tayyab Elahi,7115,Tayyab Elahi,O Level,Notes,2019,1100
O Level Chemistry Notes by Zafar Iqbal,5070,Zafar Iqbal,O Level,Notes,2019,750
O Level Computer Notes P1 & P2 by Navid Saqib,2210,Navid Saqib,O Level,Notes,2019,1050
O Level Economics Notes By Zubair Hussain,2281,Zubair Hussain,O Level,Notes,1st Edition,450
O Level English Notes by Muavia Bashir Uppal,1123,Muavia Bashir Uppal,O Level,Notes,2020,900
O Level Geography by Faisal Salman,2059,Faisal Salman,O Level,Notes,2023-2024,900
O Level Geography Notes by Dr. Iftikhar ul Haq,2059,Dr. Iftikhar ul Haq,O Level,Notes,7th Edition,900
O Level Geography Notes by Dr. Usman Hameed,2059,Dr. Usman Hameed,O Level,Notes,2nd Edition,1200
O Level Geography Notes by Dr. Zubair Ahmed Bhatti,2059,Dr. Zubair Ahmed Bhatti,O Level,Notes,1st Edition,700
O Level History Notes by Dr. Iftikhar ul Haq,2059,Dr. Iftikhar ul Haq,O Level,Notes,7th Edition,1150
O Level History Notes by Dr. Usman Hameed,2059,Dr. Usman Hameed,O Level,Notes,2nd Edition,1200
O Level History Notes by Dr. Zubair Ahmed Bhatti,2059,Dr. Zubair Ahmed Bhatti,O Level,Notes,1st Edition,700
O Level Islamiyat Notes by Ayesha Azhar,2058,Ayesha Azhar,O Level,Notes,3rd Edition,1200
O Level Islamiyat Notes by Dr. Iftikhar ul Haq,2058,Dr. Iftikhar ul Haq,O Level,Notes,7th Edition,1550
O Level Mathematics Notes by Rafique Akhtar,4024,Rafique Akhtar,O Level,Notes,2024-2025,1950
O Level Physics Notes by Hamiz javed,5054,Hamiz Javed,O Level,Notes,1st Edition,1200
O Level Physics Notes by Mirza Irshad Baig,5054,Mirza Irshad Baig,O Level,Notes,Edition 2024-2025,500
O Level Statistics Notes by Rafique Akhtar,4040,Rafique Akhtar,O Level,Notes,2019-2020,1000
O Level Travel & Tour Paper 1 (W21-W25),7096,,O Level,Yearly Unsolved,W21-W25,900
O Level Travel & Tour Paper 2 (W21-W25),7096,,O Level,Yearly Unsolved,W21-W25,800
O Level Urdu Notes by Zohair Latif,3248,Zohair Latif,O Level,Notes,,800
O Level Yearly Unsolved Accounting Paper 1 (S15-W19),7110,,O Level,Yearly Unsolved,S15-W19,650
O Level Yearly Unsolved Accounting Paper 1 (S21-W25),7707,,O Level,Yearly Unsolved,S21-W25,750
O Level Yearly Unsolved Accounting Paper 2 (S15-W19),9110,,O Level,Yearly Unsolved,S15-W19,1900
O Level Yearly Unsolved Accounting Paper 2 (S21-W25),7707,,O Level,Yearly Unsolved,S21-W25,1600
O Level Yearly Unsolved Add Maths Paper 1 (S21-W25),4037,,O Level,Yearly Unsolved,S21-W25,1550
O Level Yearly Unsolved Add Maths Paper 2 (S21-W25),4037,,O Level,Yearly Unsolved,S21-W25,1600
O Level Yearly Unsolved AddMaths Paper 1 (S15-W19),4037,,O Level,Yearly Unsolved,S15-W19,1550
O Level Yearly Unsolved AddMaths Paper 2 (S15-W19),4037,,O Level,Yearly Unsolved,S15-W19,1450
O Level Yearly Unsolved Biology Paper 1 (S15-W19),5090,,O Level,Yearly Unsolved,S15-W19,1000
O Level Yearly Unsolved Biology Paper 1 (S21-W25),5090,,O Level,Yearly Unsolved,S21-W25,1150
O Level Yearly Unsolved Biology Paper 2 (S15-W19),5090,,O Level,Yearly Unsolved,S15-W19,1500
O Level Yearly Unsolved Biology Paper 2 (S21-W25),5090,,O Level,Yearly Unsolved,S21-W25,1200
O Level Yearly Unsolved Biology Paper 4 (S21-W25),5090,,O Level,Yearly Unsolved,S21-W25,700
O Level Yearly Unsolved Biology Paper 6 (S15-W19),5090,,O Level,Yearly Unsolved,S15-W19,850
O Level Yearly Unsolved Business Studies Paper 1 (S15-W19),7115,,O Level,Yearly Unsolved,S15-W24,1500
O Level Yearly Unsolved Business Studies Paper 1(S21-W25),7115,,O Level,Yearly Unsolved,S21-W25,1200
O Level Yearly Unsolved Business Studies Paper 2 (S15-W19),7115,,O Level,Yearly Unsolved,S15-W24,1450
O Level Yearly Unsolved Business Studies Paper 2 (S21-W25),7115,,O Level,Yearly Unsolved,S21-W25,1750
O Level Yearly Unsolved Chemistry Paper 1 (S15-W18),5070,,O Level,Yearly Unsolved,S15-W19,700
O Level Yearly Unsolved Chemistry Paper 1 (S19-W25),5070,,O Level,Yearly Unsolved,S19-W25,1400
O Level Yearly Unsolved Chemistry Paper 2 (S15-W19),5070,,O Level,Yearly Unsolved,S15-W19,1550
O Level Yearly Unsolved Chemistry Paper 2 (S20-W25),5070,,O Level,Yearly Unsolved,S20-W25,1550
O Level Yearly Unsolved Chemistry Paper 4 (S15-W19),5070,,O Level,Yearly Unsolved,S15-W19,1200
O Level Yearly Unsolved Chemistry Paper 4 (S21-W25),5070,,O Level,Yearly Unsolved,S20-S25,900
O Level Yearly Unsolved Combined Science Paper 1 (S15-W19),5129,,O Level,Yearly Unsolved,S15-W19,1050
O Level Yearly Unsolved Combined Science Paper 1 (S21-W25),5129,,O Level,Yearly Unsolved,S21-W25,1050
O Level Yearly Unsolved Combined Science Paper 2 (S15-W19),5129,,O Level,Yearly Unsolved,S15-W19,2050
O Level Yearly Unsolved Combined Science Paper 2 (S21-W25),5129,,O Level,Yearly Unsolved,S21-W25,1500
O Level Yearly Unsolved Commerce Paper 1 (S15-W19),7100,,O Level,Yearly Unsolved,S15-W19,700
O Level Yearly Unsolved Commerce Paper 1 (S21-W25),7100,,O Level,Yearly Unsolved,S21-W25,750
O Level Yearly Unsolved Commerce Paper 2 (S15-W19),7100,,O Level,Yearly Unsolved,S15-W19,1550
O Level Yearly Unsolved Commerce Paper 2 (S21-W25),7100,,O Level,Yearly Unsolved,S21-W25,1300
O Level Yearly Unsolved Computer Science Paper 1 (S15-W19),2210,,O Level,Yearly Unsolved,S15-W19,1450
O Level Yearly Unsolved Computer Science Paper 1 (S21-W25),2210,,O Level,Yearly Unsolved,S21-W25,950
O Level Yearly Unsolved Computer Science Paper 2 (S15-W19),2210,,O Level,Yearly Unsolved,S15-W19,1250
O Level Yearly Unsolved Computer Science Paper 2 (S21-W25),2210,,O Level,Yearly Unsolved,S21-W25,1200
O Level Yearly Unsolved Economics Paper 1 (S15-W19),2281,,O Level,Yearly Unsolved,S15-W19,650
O Level Yearly Unsolved Economics Paper 1 (S21-W25),2281,,O Level,Yearly Unsolved,S21-W25,700
O Level Yearly Unsolved Economics Paper 2 (S15-W19),2281,,O Level,Yearly Unsolved,S15-W19,1300
O Level Yearly Unsolved Economics Paper 2 (S21-W25),2281,,O Level,Yearly Unsolved,S21-W25,800
O Level Yearly Unsolved English Language P1 Reading (S21-W25),1123,,O Level,Yearly Unsolved,S21-W25,1500
O Level Yearly Unsolved English Language P2 Writing  (S21-W25),1123,,O Level,Yearly Unsolved,S21-W25,750
O Level Yearly Unsolved English Language Paper 1 Reading (S15-W19),1123,,O Level,Yearly Unsolved,S15-W19,750
O Level Yearly Unsolved English Literature Paper 1  (S21-W25),2010,,O Level,Yearly Unsolved,S21-W25,1650
O Level Yearly Unsolved English Literature Paper 1 (S15-W19),2010,,O Level,Yearly Unsolved,S15-W19,1850
O Level Yearly Unsolved English Literature Paper 2  (S15-W19),2010,,O Level,Yearly Unsolved,S15-W19,950
O Level Yearly Unsolved English Literature Paper 2 (S21-W25),2010,,O Level,Yearly Unsolved,S21-W25,800
O Level Yearly Unsolved Environmental Management Paper 1 (S15-W19),5014,,O Level,Yearly Unsolved,S15-W19,2250
O Level Yearly Unsolved Environmental Management Paper 1 (S21-W25),5014,,O Level,Yearly Unsolved,S21-W25,750
O Level Yearly Unsolved Environmental Management Paper 2 (S15-W19),5014,,O Level,Yearly Unsolved,S15-W19,1450
O Level Yearly Unsolved Environmental Management Paper 2 (S21-W25),5014,,O Level,Yearly Unsolved,S21-W25,800
O Level Yearly Unsolved Food & Nutrition Paper 1 & 2 (S15-W19),6065,,O Level,Yearly Unsolved,S15-W19,1600
O Level Yearly Unsolved Food & Nutrition Paper 1 & 2 (S21-W25),6065,,O Level,Yearly Unsolved,S21-W25,1800
O Level Yearly Unsolved Geography Paper 2 (S15-W19),2059,,O Level,Yearly Unsolved,S15-W19,1350
O Level Yearly Unsolved Geography Paper 2 (S20-W25),2059,,O Level,Yearly Unsolved,S20-W25,1950
O Level Yearly Unsolved Global Prescriptive Paper 1 (S20-S25),2069,,O Level,Yearly Unsolved,S20-S25,650
O Level Yearly Unsolved History Paper 1 (S15-W19),2059,,O Level,Yearly Unsolved,S15-W19,600
O Level Yearly Unsolved History Paper 1 (S21-W25),2059,,O Level,Yearly Unsolved,S21-W25,500
O Level Yearly Unsolved Islamiyat Paper 1 (S15-W19),2058,,O Level,Yearly Unsolved,S15-W19,1800
O Level Yearly Unsolved Islamiyat Paper 1 (S21-W25),2058,,O Level,Yearly Unsolved,S21-W25,1900
O Level Yearly Unsolved Islamiyat Paper 2 (S15-W19),2058,,O Level,Yearly Unsolved,S15-W19,1600
O Level Yearly Unsolved Islamiyat Paper 2 (S21-W25),2058,,O Level,Yearly Unsolved,S21-W25,1800
O Level Yearly Unsolved Mathematics Paper 1 (S15-W19),4024,,O Level,Yearly Unsolved,S15-W19,1600
O Level Yearly Unsolved Mathematics Paper 1 (S20-W25),4024,,O Level,Yearly Unsolved,S20-W25,1800
O Level Yearly Unsolved Mathematics Paper 2 (S15-W19),4024,,O Level,Yearly Unsolved,S15-W19,1750
O Level Yearly Unsolved Mathematics Paper 2 (S20-W25),4024,,O Level,Yearly Unsolved,S20-W25,2000
O Level Yearly Unsolved Physics Paper 1 (S15-W19),5054,,O Level,Yearly Unsolved,S15-W19,800
O Level Yearly Unsolved Physics Paper 1 (S19-W25),5054,,O Level,Yearly Unsolved,S19-W25,1450
O Level Yearly Unsolved Physics Paper 2  (S20-W25),5054,,O Level,Yearly Unsolved,S20-W25,1650
O Level Yearly Unsolved Physics Paper 2 (S15-W19),5054,,O Level,Yearly Unsolved,S15-W19,1600
O Level Yearly Unsolved Physics Paper 4  (S15-W19),5054,,O Level,Yearly Unsolved,S15-W19,800
O Level Yearly Unsolved Physics Paper 4 (S21-W25),5054,,O Level,Yearly Unsolved,S21-W25,950
O Level Yearly Unsolved Sociology Paper 1 (S15-W19),2251,,O Level,Yearly Unsolved,S15-W19,1250
O Level Yearly Unsolved Sociology Paper 1 (S21-W25),2251,,O Level,Yearly Unsolved,S21-W25,700
O Level Yearly Unsolved Sociology Paper 2 (S15-W19),2251,,O Level,Yearly Unsolved,S15-W19,1700
O Level Yearly Unsolved Sociology Paper 2 (S21-W25),2251,,O Level,Yearly Unsolved,S21-W25,950
O Level Yearly Unsolved Statistics Paper 1 (W15-W19),4040,,O Level,Yearly Unsolved,W15-W19,800
O Level Yearly Unsolved Statistics Paper 1 (W21-W25),4040,,O Level,Yearly Unsolved,W21-W25,750
O Level Yearly Unsolved Statistics Paper 2 (W15-W19),4040,,O Level,Yearly Unsolved,W15-W19,750
O Level Yearly Unsolved Statistics Paper 2 (W20-W24),4040,,O Level,Yearly Unsolved,W20-W24,800
O Level Yearly Unsolved Travel & Tour Paper 1 (W15-W19),7096,,O Level,Yearly Unsolved,W15-W19,850
O Level Yearly Unsolved Travel & Tour Paper 2 (W15-W19),7096,,O Level,Yearly Unsolved,W15-W19,800
O Level Yearly Unsolved Urdu A Paper 1 & 2  (S21-S25),3247,,O Level,Yearly Unsolved,S21-S25,550
O Level Yearly Unsolved Urdu A Paper 1 & 2 (S14-S24),3247,,O Level,Yearly Unsolved,S14-S24,900
O Level Yearly Unsolved Urdu B Paper 1 & 2 (S15-W24),3248,,O Level,Yearly Unsolved,S15-W24,2050
O Level Yearly Unsolved Urdu B Paper 1 & 2 (S21-W25),3248,,O Level,Yearly Unsolved,S21-W25,1000
O-L Unsolved Topical Accounting Paper 1 (2025-2026 Edition),7707,,O Level,Unsolved Topical,S20-W24,1100
O-L Unsolved Topical Accounting Paper 2 (2025-2026 Edition),7707,,O Level,Unsolved Topical,S20-W24,1550
O-L Unsolved Topical Biology Paper 1 (2025-2026 Edition),5090,,O Level,Unsolved Topical,S17-W24,1250
O-L Unsolved Topical Biology Paper 2 (2025-2026 Edition),5090,,O Level,Unsolved Topical,S17-W24,1700
O-L Unsolved Topical Biology Paper 4 (2025-2026 Edition),5090,,O Level,Unsolved Topical,S17-W24,1950
O-L Unsolved Topical Business Studies Paper 1 (2025-2026 Edition),7115,,O Level,Unsolved Topical,S17-W24,2150
O-L Unsolved Topical Business Studies Paper 2 (2025-2026 Edition),7115,,O Level,Unsolved Topical,S17-W24,2400
O-L Unsolved Topical Chemistry Paper 1 (2025-2026 Edition),5070,,O Level,Unsolved Topical,S17-W24,1200
O-L Unsolved Topical Chemistry Paper 2 (2025-2026 Edition),5070,,O Level,Unsolved Topical,S17-W24,1700
O-L Unsolved Topical Chemistry Paper 4 (2025-2026 Edition),5070,,O Level,Unsolved Topical,S17-W24,1300
O-L Unsolved Topical Computer Science Paper 1 (2026-2027 Edition),2210/0478,,O Level,Unsolved Topical,S21-W25,1600
O-L Unsolved Topical Computer Science Paper 2 (2026-2027 Edition),2210/0478,,O Level,Unsolved Topical,S21-W25,1850
O-L Unsolved Topical Economics Paper 1 (2025-2026 Edition),2281,,O Level,Unsolved Topical,2025-2026,1200
O-L Unsolved Topical Geography Paper 2 (2026-2027 Edition),2059,,O Level,Unsolved Topical,S18-W25,2300
O-L Unsolved Topical History Paper 1 (2025-2026 Edition),2059,,O Level,Unsolved Topical,S17-W24,1800
O-L Unsolved Topical MACRO Economics Paper 2  (2025-2026 Edition),2281,,O Level,Unsolved Topical,S17-W24,2000
O-L Unsolved Topical Mathematics Paper 1 (2025-2026 Edition),4024,,O Level,Unsolved Topical,S17-W24,2100
O-L Unsolved Topical Mathematics Paper 2 (2025-2026 Edition),4024,,O Level,Unsolved Topical,S17-W24,2000
O-L Unsolved Topical MICRO Economics Paper 2 (2025-2026 Edition),2281,,O Level,Unsolved Topical,S17-W24,1600
O-L Unsolved Topical Physics Paper 1 (2025-2026 Edition),5054,,O Level,Unsolved Topical,S17-W24,1150
O-L Unsolved Topical Physics Paper 2 (2025-2026 Edition),5054,,O Level,Unsolved Topical,S17-W24,2250
O-L Unsolved Topical Physics Paper 4 (2025-2026 Edition),5054,,O Level,Unsolved Topical,S17-W24,1450
OL Unsolved Topical Islamiyat Paper 1 (2026-2027 Edition),2058,,O Level,Unsolved Topical,S15-W25,2050
OL Unsolved Topical Islamiyat Paper 2 (2026-2027 Edition),2058,,O Level,Unsolved Topical,S15-W25,2050
A level Business Notes by Tayyab Elahi,9609,Tayyab Elahi,A Level,Notes,2024-2026,2500
A Level Computer P1 Notes by Navid Saqib.,,Navid Saqib,A Level,Notes,,700
A Level Computer P2 (python) Notes by Navid Saqib,,Navid Saqib,A Level,Notes,,800
A Level Computer P2 (V.B) Notes by Navid Saqib,,Navid Saqib,A Level,Notes,,1200
A Level Computer P4 (VB) Notes by Navid Saqib,,Navid Saqib,A Level,Notes,,700
A Level English Literature Paper 1 (S21-W25),9695,,A Level,Yearly Unsolved,S21-W25,1750
A Level English Literature Paper 2 (S21-W25),9695,,A Level,Yearly Unsolved,S21-W25,1650
A Level English Literature Paper 3 (S21-W25),9693,,A Level,Yearly Unsolved,S21-W25,1350
A Level English Literature Paper 4 (S21-W25),9693,,A Level,Yearly Unsolved,S21-W25,2800
A Level Physics Notes by Syed Jibran Ali,9702,Syed Jibran Ali,A Level,Notes,2019,1000
A level Urdu Notes By Mujtaba Hassan Jafri,9686,Mujtaba Hassan Jafri,A Level,,2023-2024,650
A Level Yearly Unsolved Accounting Paper 1 (S21-W25),9706,,A Level,Yearly Unsolved,S21-W25,1100
A Level Yearly Unsolved Accounting Paper 2 (S21-W25),9706,,A Level,Yearly Unsolved,S21-W25,2400
A Level Yearly Unsolved Accounting Paper 3 (S21-W25),9706,,A Level,Yearly Unsolved,S21-W25,3100
A Level Yearly Unsolved Accounting Paper 4 (S23-W25),9706,,A Level,Yearly Unsolved,S23-W25,1050
A Level Yearly Unsolved Biology Paper 1 (S21-W25),9700,,A Level,Yearly Unsolved,S21-W25,1900
A Level Yearly Unsolved Biology Paper 2 (S21-W25),9700,,A Level,Yearly Unsolved,S21-W25,2200
A Level Yearly Unsolved Biology Paper 3 (S20-S25),9700,,A Level,Yearly Unsolved,S20-S25,1150
A Level Yearly Unsolved Biology Paper 4 (S21-W25),9700,,A Level,Yearly Unsolved,S21-W25,2350
A Level Yearly Unsolved Biology Paper 5 (S21-W25),9700,,A Level,Yearly Unsolved,S21-W25,1150
A Level Yearly Unsolved Business Studies Paper 1 (S21-W25),9609,,A Level,Yearly Unsolved,S21-W25,2100
A Level Yearly Unsolved Business Studies Paper 2 (S21-W25),9609,,A Level,Yearly Unsolved,S21-W25,1750
A Level Yearly Unsolved Business Studies Paper 3 (S21-W25),9609,,A Level,Yearly Unsolved,S21-W25,2800
A Level Yearly Unsolved Business Studies Paper 4 (S23-W25),9609,,A Level,Yearly Unsolved,S21-W25,950
A Level Yearly Unsolved Chemistry Paper 1 (S21-W25),9701,,A Level,Yearly Unsolved,S21-W25,1450
A Level Yearly Unsolved Chemistry Paper 2 (S21-W25),9701,,A Level,Yearly Unsolved,S21-W25,1500
A Level Yearly Unsolved Chemistry Paper 3 (S20-S25),9701,,A Level,Yearly Unsolved,S20-S25,1300
A Level Yearly Unsolved Chemistry Paper 4 (S21-W25),9701,,A Level,Yearly Unsolved,S21-W25,2000
A Level Yearly Unsolved Chemistry Paper 5 (S21-W25),9700,,A Level,Yearly Unsolved,S21-W25,900
A Level Yearly Unsolved Computer Science Paper 1 (S21-W25),9618,,A Level,Yearly Unsolved,S21-W25,2250
A Level Yearly Unsolved History Paper 1 (S21-W25),9383,,A Level,Yearly Unsolved,S21-W25,1600
A Level Yearly Unsolved History Paper 2 (S21-W25),9389,,A Level,Yearly Unsolved,S21-W25,2050
A Level Yearly Unsolved History Paper 3 (S21-W25),9389,,A Level,Yearly Unsolved,S21-W25,650
A Level Yearly Unsolved History Paper 4 (S21-W25),9389,,A Level,Yearly Unsolved,S21-W25,1650
A Level Yearly Unsolved Law Paper 1 (S21-W25),9084,,A Level,Yearly Unsolved,S21-W25,1000
A Level Yearly Unsolved Law Paper 2 (S21-W25),9084,,A Level,Yearly Unsolved,S21-W25,1150
A Level Yearly Unsolved Law Paper 3 (S21-W25),9084,,A Level,Yearly Unsolved,S21-W25,900
A Level Yearly Unsolved Law Paper 4 (S21-W25),9084,,A Level,Yearly Unsolved,S21-W25,800
A Level Yearly Unsolved Mathematics Paper 1 (S21-W25),9709,,A Level,Yearly Unsolved,S21-W25,3250
A Level Yearly Unsolved Mathematics Paper 3  (S21-W25),9709,,A Level,Yearly Unsolved,S21-W25,3350
A Level Yearly Unsolved Mathematics Paper 4 (M1) (S21-W25),9709,,A Level,Yearly Unsolved,S21-W25,2350
A Level Yearly Unsolved Mathematics Paper 5 (S1) (S21-W25),9709,,A Level,Yearly Unsolved,S21-W25,2400
A level Yearly Unsolved Physics Paper 1 (S21-W25),9702,,A Level,Yearly Unsolved,S21-W25,1850
A Level Yearly Unsolved Physics Paper 2 (S21-W25),9702,,A Level,Yearly Unsolved,S21-W25,1800
A Level Yearly Unsolved Physics Paper 3 (S20-S25),9702,,A Level,Yearly Unsolved,S20-S25,1150
A Level Yearly Unsolved Physics Paper 4 (S21-W25),9702,,A Level,Yearly Unsolved,S21-W25,1900
A Level Yearly Unsolved Physics Paper 5 (S21-W25),9702,,A Level,Yearly Unsolved,S21-W25,800
A Level Yearly Unsolved Psychology Paper 1 (S21-W25),9990,,A Level,Yearly Unsolved,S21-W25,2200
A Level Yearly Unsolved Psychology Paper 2 (S21-W25),9990,,A Level,Yearly Unsolved,S21-W25,2550
A Level Yearly Unsolved Psychology Paper 3 (S21-W25),9990,,A Level,Yearly Unsolved,S21-W25,3000
A Level Yearly Unsolved Psychology Paper 4 (S21-W25),9990,,A Level,Yearly Unsolved,S21-W25,2300
A Level Yearly Unsolved Sociology Paper 1 (S21-W25),9699,,A Level,Yearly Unsolved,S21-W25,1250
A Level Yearly Unsolved Sociology Paper 2 (S21-W25),9699,,A Level,Yearly Unsolved,S21-W25,1350
A Level Yearly Unsolved Sociology Paper 3 (S21-W25),9699,,A Level,Yearly Unsolved,S21-W25,700
A Level Yearly Unsolved Thinking Skills Paper 1 (S21-W25),9694,,A Level,Yearly Unsolved,S21-W25,1600
A Level Yearly Unsolved Thinking Skills Paper 2 (S21-W25),9694,,A Level,Yearly Unsolved,S21-W25,1050
A Level Yearly Unsolved Thinking Skills Paper 3 (S21-W25),9694,,A Level,Yearly Unsolved,S21-W25,750
A Level Yearly Unsolved Thinking Skills Paper 4 (S21-W25),9694,,A Level,Yearly Unsolved,S21-W25,1050
A Level Yearly Unsolved Travel & Tour P1 (S20-W24),9395,,A Level,Yearly Unsolved,S20-W24,2350
A Level Yearly Unsolved Travel & Tour P3 (S20-W24),9395,,A Level,Yearly Unsolved,S20-W24,1800
A Level Yearly Unsolved Travel & Tour P4 (S20-W24),9395,,A Level,Yearly Unsolved,S20-W24,1650
"A Level Yearly Unsolved Urdu Paper 2, 3, & 4  (S21-W25)",9686,,A Level,Yearly Unsolved,S21-W25,1350
A2 Level Economics Notes By Zubair Hussain,9708,Zubair Hussain,A Level,Notes,1st Edition,900
AL Maths Notes (M1) Paper 4 By Rafeeq Akhtar,,Rafique Akhtar Baloch,A Level,,,600
AL Maths Notes (S1) Paper 5 By Rafeeq Akhtar,,Rafique Akhter Baloch,A Level,,,800
AL Maths Notes Paper 1 By Rafeeq Akhtar,,Rafique Akhter Baloch,A Level,,,850
AL Maths Notes Paper 3 By Rafeeq Akhtar,,Rafique Akhter Baloch,A Level,,,750
AL Unsolved Topical Accounting P1 (2025-2026 Edition),9706,ms books,A Level,Unsolved Topical,S17-W24,1450
AL Unsolved Topical Accounting P2 (2025-2026 Edition),9706,ms books,A Level,Unsolved Topical,S17-W24,3000
AL Unsolved Topical Accounting P3 (2025-2026 Edition),9706,ms books,A Level,Unsolved Topical,S19-W24,1850
AL Unsolved Topical Accounting P4 (2025-2026 Edition),9706,ms books,A Level,Unsolved Topical,S17-W24,950
AL Unsolved Topical Biology P1 (2025-2026 Edition),9700,Muhammad Shahid,A Level,Unsolved Topical,S17-W24,2300
AL Unsolved Topical Biology P2 (2025-2026 Edition),9700,Muhammad Shahid,A Level,Unsolved Topical,S19-W24,2550
AL Unsolved Topical Biology P4 (2025-2026 Edition),9700,Muhammad Shahid,A Level,Unsolved Topical,S19-W24,2650
AL Unsolved Topical Biology P5 (2025-2026 Edition),9700,Muhammad Shahid,A Level,Unsolved Topical,S17-W24,1600
AL Unsolved Topical Chemistry P1 (2025-2026 Edition),,,A Level,,S17-W24,1950
AL Unsolved Topical Chemistry P2 (2025-2026 Edition),9701,Muhammad Ali,A Level,Unsolved Topical,S17-W24,2200
AL Unsolved Topical Chemistry P4 (2025-2026 Edition),9701,Muhammad Ali,A Level,Unsolved Topical,S17-W24,2850
AL Unsolved Topical Chemistry P5 (2025-2026 Edition),9701,Muhammad Ali,A Level,Unsolved Topical,S17-W24,1600
AL Unsolved Topical Computer Science P1 (2025-2026 Edition),9618,MS BOOKS,A Level,Unsolved Topical,S21-W24,1650
AL Unsolved Topical Computer Science P2 (2025-2026 Edition),9618,MS BOOKS,A Level,Unsolved Topical,S21-W24,2000
AL Unsolved Topical Computer Science P3 (2025-2026 Edition),9618,MS BOOKS,A Level,Unsolved Topical,S21-W24,1050
AL Unsolved Topical Maths P1 (2025-2026 Edition),,Zafar Iqbal,A Level,Unsolved Topical,S17-W24,2900
AL Unsolved Topical Maths P3 (2025-2026 Edition),,Zafar Iqbal,A Level,Unsolved Topical,S17-W24,3050
AL Unsolved Topical Maths P4 (M1) (2025-2026 Edition),,,A Level,Unsolved Topical,S17-W24,2300
AL Unsolved Topical Maths P5 (S1) (2025-2026 Edition),,,A Level,Unsolved Topical,S17-W24,2400
AL Unsolved Topical Physics P1 (2025-2026 Edition),9702,Mirza Irshad Baig,A Level,Unsolved Topical,S17-W24,2200
AL Unsolved Topical Physics P2 (2025-2026 Edition),9702,Jibran Ali Kamran,A Level,Unsolved Topical,S17-W24,2450
AL Unsolved Topical Physics P4 (2025-2026 Edition).,9702,Syed Jibran Ali Kamran,A Level,Unsolved Topical,S17-W24,2450
AL Unsolved Topical Physics P5 (2025-2026 Edition),9702,Syed Jibran Ali Kamran,A Level,Unsolved Topical,S17-W24,1200
AS & A Level Biology Notes By Dr Saira,9700,Dr. Saira,A Level,Notes,2023,1000
AS Level Biology Notes by Hamza Fayyaz,,Hamza Fayyaz,A Level,Notes,2025-2026 Edition,700
AS Level Chemistry Notes By Muhammad Ali,9701,Muhammad ALI,A Level,Notes,2023,1650
As Level Economics Notes By Zubair Hussain,9708,Zubair Hussain,A Level,Notes,1st Edition,550
AS Level Mathematics Notes By Moosa Kashif,9709,Moosa Kashif,A Level,Notes,1st,1200
AS Level Physics Notes by Hamiz javed,9702,Hamiz Javed,A Level,Notes,1st,1200
AS Level Physics Notes by Syed Jibran ALi,9702,Syed Jibaran Ali,A Level,Notes,2019,800
(IGCSE) Yearly Unsolved Accounting Paper 1 (S21-W25),0452,,O Level,Yearly Unsolved,S21-W25,850
(IGCSE) Yearly Unsolved Accounting Paper 2 (S21-W25),0452,,O Level,Yearly Unsolved,S21-W25,2100
(IGCSE) Yearly Unsolved Add Maths Paper 1 (S21-W25),0606,,O Level,Yearly Unsolved,S21-W25,2150
(IGCSE) Yearly Unsolved Add Maths Paper 2 (S21-W25),0606,,O Level,Yearly Unsolved,S21-W25,2200
(IGCSE) Yearly Unsolved Biology Paper 2 (S21-W25),0610,,O Level,Yearly Unsolved,S21-W25,1550
(IGCSE) Yearly Unsolved Biology Paper 4 (S21-W25),0610,,O Level,Yearly Unsolved,S21-W25,2550
(IGCSE) Yearly Unsolved Biology Paper 6 (S21-W25),0610,,O Level,Yearly Unsolved,S21-W25,1550
(IGCSE) Yearly Unsolved Business Studies Paper 1 (S21-W25),0450,,O Level,Yearly Unsolved,S21-W25,2700
(IGCSE) Yearly Unsolved Business Studies Paper 2 (S21-W25),0450,,O Level,Yearly Unsolved,S21-W25,2550
(IGCSE) Yearly Unsolved Chemistry Paper 2 (S21-W25),0620,,O Level,Yearly Unsolved,S21-W25,1400
(IGCSE) Yearly Unsolved Chemistry Paper 4 (S21-W25),0620,,O Level,Yearly Unsolved,S21-W25,1850
(IGCSE) Yearly Unsolved Chemistry Paper 6 (S21-W25),0620,,O Level,Yearly Unsolved,S21-W25,1350
(IGCSE) Yearly Unsolved Computer Science Paper 1 (S21-W25),0478,,O Level,Yearly Unsolved,S21-W25,1800
(IGCSE) Yearly Unsolved Computer Science Paper 2 (S21-W25),0478,,O Level,Yearly Unsolved,S21-W25,2650
(IGCSE) Yearly Unsolved Economics Paper 1 (S21-W25),0455,,O Level,Yearly Unsolved,S21-W25,1050
(IGCSE) Yearly Unsolved Economics Paper 2 (S21-W25),0455,,O Level,Yearly Unsolved,S21-W25,2450
(IGCSE) Yearly Unsolved English First Language Paper 1 (S21-W25),0500,,O Level,Yearly Unsolved,S21-W25,3250
(IGCSE) Yearly Unsolved English First Language Paper 2 (S21-W25),0500,,O Level,Yearly Unsolved,S21-W25,1950
(IGCSE) Yearly Unsolved English Second Language Paper 1 (S21-W25),0510,,O Level,Yearly Unsolved,S21-W25,2000
(IGCSE) Yearly Unsolved English Second Language Paper 2 (S21-W25),0510,,O Level,Yearly Unsolved,S21-W25,1350
(IGCSE) Yearly Unsolved Environmental Management Paper 1 (S21-W25),0680,,O Level,Yearly Unsolved,S21-W25,2550
(IGCSE) Yearly Unsolved Environmental Management Paper 2 (S21-W25),0680,,O Level,Yearly Unsolved,S21-W25,2600
(IGCSE) Yearly Unsolved Global Prescriptive Paper 1 (S21-W25),0457,,O Level,Yearly Unsolved,S21-W25,2350
(IGCSE) Yearly Unsolved ICT Paper 1 (S21-W25),0417,,O Level,Yearly Unsolved,S21-W25,2000
(IGCSE) Yearly Unsolved Islamiyat Paper 1 (S21-W25),0493,,O Level,Yearly Unsolved,S21-W25,1900
(IGCSE) Yearly Unsolved Islamiyat Paper 2 (S21-W25),0493,,O Level,Yearly Unsolved,S21-W25,1800
(IGCSE) Yearly Unsolved Mathematics Paper 2 (S21-W25),0580,,O Level,Yearly Unsolved,S21-W25,1700
(IGCSE) Yearly Unsolved Mathematics Paper 4 (S21-W25),0580,,O Level,Yearly Unsolved,S21-W25,2550
(IGCSE) Yearly Unsolved Pak. Studies Paper 1 (S19-S25),0448,,O Level,Yearly Unsolved,S19-S25,450
(IGCSE) Yearly Unsolved Pak. Studies Paper 2 (S19-S25),0448,,O Level,Yearly Unsolved,S19-S25,1000
(IGCSE) Yearly Unsolved Physics Paper 2 (S21-W25),0625,,O Level,Yearly Unsolved,S21-W25,1650
(IGCSE) Yearly Unsolved Physics Paper 4 (S21-W25),0625,,O Level,Yearly Unsolved,S21-W25,2300
(IGCSE) Yearly Unsolved Physics Paper 6 (S21-W25),0625,,O Level,Yearly Unsolved,S21-W25,1500
(IGCSE) Yearly Unsolved Sociology Paper 1 (S21-W25),0495,,O Level,Yearly Unsolved,S21-W25,2000
(IGCSE) Yearly Unsolved Sociology Paper 2 (S21-W25),0495,,O Level,Yearly Unsolved,S21-W25,2500
(IGCSE) Yearly Unsolved Urdu Paper 1 & 2 (S19-S25),0539,,O Level,Yearly Unsolved,S19-S25,750
IGCSE Unsolved Topical Biology Paper 2 (Mcqs) (2025-2026 Edition),0610,,O Level,Yearly Unsolved,S17-W24,1600
IGCSE Unsolved Topical Biology Paper 4 (Theory) (2025-2026 Edition),,,Igcse,,S17-W24,2700
IGCSE Unsolved Topical Biology Paper 6 (ATP) (2025-2026 Edition),,,Igcse,Unsolved Topical,S17-W24,1900
IGCSE Unsolved Topical Chemistry Paper 2 (Mcqs) (2025-2026 Edition),0620,,O Level,Unsolved Topicals,S17-W24,1500
IGCSE Unsolved Topical Chemistry Paper 4 (Theory) (2025-2026 Edition),0620,,O Level,Unsolved Topicals,S17-W24,2050
IGCSE Unsolved Topical Chemistry Paper 6 (ATP) (2025-2026 Edition),0620,,Igcse,Unsolved Topicals,S17-W24,1450
IGCSE Unsolved Topical Maths Paper 2 (2025-2026 Edition),0580,,O Level,Unsolved Topical,S17-W24,2050
IGCSE Unsolved Topical Maths Paper 4 (2025-2026 Edition),0580,,O Level,Unsolved Topical,S17-W24,3050
IGCSE Unsolved Topical Physics Paper 2 (Mcqs) (2025-2026 Edition),,,O Level,Unsolved Topical,S17-W24,1800
IGCSE Unsolved Topical Physics Paper 4 (Theory) (2025-2026 Edition),0625,,O Level,Unsolved Topical,S17-W24,2350
IGCSE Unsolved Topical Physics Paper 6 (ATP) (2025-2026 Edition),0625,,Igcse,Unsolved Topical,S17-W24,1900
